qas_i_table_j,section_3,section_4,section_6,section_2,section_5,section_1
qas_8_table_1,0.39332734586366613,0.354780140694685,0.3101834967496663,0.2565668672150859,0.21649867264603043,0.20214102798533712
qas_8_table_2,0.2954966714261673,0.2870746188306089,0.2668071036947389,0.24382430598843247,0.2339202954244594,0.19126837207928266
