qas_i_table_j,section_3,section_2,section_1,section_5,section_4
qas_77_table_1,0.5493762994356539,0.5138416050155723,0.4451797530853998,0.3163656823871438,0.12269421628842511
