Similarity,QAS_File,Text_File
0.5138416050155723,qas_77_table_1,section_2
0.5493762994356539,qas_77_table_1,section_3
0.12269421628842511,qas_77_table_1,section_4
0.4451797530853998,qas_77_table_1,section_1
0.3163656823871438,qas_77_table_1,section_5
