qas_i_table_j,section_3,section_5,section_4,section_6,section_2,section_1
qas_68_table_1,0.45384122358218143,0.4109142307872479,0.38095244966545816,0.3622147530095054,0.29855338093621603,0.2579296552771125
