Similarity,QAS_File,Text_File
0.3622147530095054,qas_68_table_1,section_6
0.29855338093621603,qas_68_table_1,section_2
0.45384122358218143,qas_68_table_1,section_3
0.38095244966545816,qas_68_table_1,section_4
0.2579296552771125,qas_68_table_1,section_1
0.4109142307872479,qas_68_table_1,section_5
