Similarity,QAS_File,Text_File
0.338117315003028,qas_60_table_1,section_6
0.3087389357266992,qas_60_table_1,section_9
0.25795116979965,qas_60_table_1,section_2
0.2502259954035379,qas_60_table_1,section_7
0.29500591283122035,qas_60_table_1,section_3
0.2168439057436791,qas_60_table_1,section_4
0.3895424530084034,qas_60_table_1,section_1
0.41784274420325895,qas_60_table_1,section_8
0.2714469675036874,qas_60_table_1,section_5
