qas_i_table_j,section_8,section_1,section_6,section_9,section_3,section_5,section_2,section_7,section_4
qas_60_table_1,0.41784274420325895,0.3895424530084034,0.338117315003028,0.3087389357266992,0.29500591283122035,0.2714469675036874,0.25795116979965,0.2502259954035379,0.2168439057436791
