qas_i_table_j,section_30,section_9,section_5,section_31,section_24,section_40,section_18,section_32,section_15,section_38,section_37,section_27,section_17,section_34,section_14,section_23,section_36,section_44,section_29,section_3,section_16,section_39,section_10,section_13,section_43,section_28,section_19,section_8,section_41,section_7,section_11,section_6,section_33,section_1,section_12,section_42,section_21,section_26,section_35,section_25,section_2,section_22,section_20,section_4
qas_53_table_1,0.35594821957865563,0.2511504854903541,0.3528011921234425,0.28679421029167135,0.20686535264162587,0.3997798640857173,0.2627634928467667,0.388275325044504,0.23401377119034694,0.2365568924565801,0.10164342430051046,0.3968103933433721,0.1635040897381207,0.3067174635322655,0.39832150130934196,0.2360580009726121,0.2966717280429881,0.3818183255991159,0.4319888090414149,0.18868393508615933,0.18339303375478785,0.3126593835432847,0.1890444449625966,0.20683841699315786,0.15717345975200273,0.30611399024769637,0.3590254676209966,0.26928139756432434,0.2228335525788681,0.40931801745910334,0.21771056086671461,0.33512059652093973,0.4073782890236221,0.3743054130851299,0.10087733789917487,0.20005478194799511,0.3759998465349563,0.46068110362531256,0.38169671436168817,0.302076723134419,0.1913436204388279,0.22633648664618583,0.19884922937422744,0.25946115135922754
qas_53_table_2,0.334353244690767,0.18952734353225692,0.255188041921866,0.19271646520632424,0.16495319590669583,0.32924733288693325,0.23379411904208514,0.22696683799038586,0.2733121924764725,0.16159105383951283,0.21105385329155635,0.2602970458602506,0.18175031392128554,0.25967132852090186,0.2415422942525987,0.2406377544240626,0.24110017413555557,0.27614975288852633,0.30756054688034007,0.12331795468267877,0.147649879568169,0.3464780252690822,0.18286538783306608,0.13542670237205512,0.16212359231469528,0.20815023532693083,0.2349848886358996,0.26028501613856125,0.1957791684857142,0.3228433291837365,0.17452309831485707,0.22879666441379437,0.2578421726930853,0.19758588933812898,0.09185855500416164,0.25231283680084804,0.3318087946170185,0.3840712679662382,0.3035410815779259,0.20716085182173888,0.0791504324160421,0.19746205378964832,0.1253546325483213,0.1577502276530136
