qas_i_table_j,section_26,section_14,section_44,section_7,section_34,section_25,section_5,section_35,section_29,section_21,section_6,section_39,section_30,section_1,section_40,section_13,section_19,section_36,section_8,section_33,section_10,section_18,section_28,section_31,section_11,section_4,section_41,section_3,section_9,section_38,section_27,section_22,section_32,section_20,section_17,section_43,section_24,section_16,section_37,section_42,section_15,section_23,section_2,section_12
qas_53_table_1,0.6384560378511357,0.6070177568315465,0.6049403474396484,0.5896432553182607,0.5579150475506971,0.5376925294064692,0.5207371397608431,0.5094416577492938,0.5047844727997362,0.5012443023672335,0.4966344436159577,0.4965007975001826,0.46339632484288823,0.45791112804586853,0.4563727911137879,0.4522287386780025,0.45105016331006165,0.44720587456246985,0.4439982697364583,0.4080290187836232,0.39235762070216085,0.38174144927974396,0.37857785799238053,0.37564636821906705,0.349992574249373,0.3486682758978738,0.3369318605135281,0.32766419211846076,0.3266899302713613,0.3245000658031352,0.29628266915570733,0.2833468117761915,0.2704197223668847,0.26432370886941464,0.26015957910512705,0.2470553781738833,0.2467866847255826,0.24124739030210313,0.2212242972325631,0.21067090277412398,0.20604794290439837,0.19939793926950766,0.1740508037010912,0.11499964918090802
qas_53_table_2,0.5603969379672308,0.5451239657580103,0.5335725870083148,0.5241191920552076,0.5021200412832073,0.4916233821126492,0.4881184323251131,0.4865261087442686,0.4399246911797795,0.4276387528947511,0.42365788859730136,0.4179075795978323,0.40899362059885025,0.4026227068810538,0.4000775686878869,0.3814221705315465,0.37937195260777945,0.37711112567490457,0.37084810527766265,0.3685655621858147,0.36013321637349954,0.3509032971275628,0.34490670572409604,0.34432295084722986,0.3329767644526728,0.31478593080661776,0.314071264728084,0.3014919700663044,0.30117322105098654,0.29466602070058995,0.2944004216783668,0.28605369790275936,0.27890973385842066,0.27470175519617945,0.24146392148400803,0.23547072977924416,0.22917522560409426,0.22493600992968588,0.2028924767557335,0.20134217835099097,0.1853713208115793,0.18331946857961046,0.1782757731949106,0.17060969394051384
