qas_i_table_j,section_6,section_1,section_2,section_3,section_4,section_5
qas_59_table_1,0.3096660268340775,0.27685403482756565,0.25385823066614865,0.20581542921024945,0.16437830926716357,0.15037295994370006
qas_59_table_2,0.39882700232567414,0.3744240526955498,0.362011709865929,0.33035021477297616,0.2099599258342908,0.1835391828329775
